{"cameraMode":{"drawMode":0,"name":"Shaded","section":"Shading Mode"},"sceneLighting":false,"audioPlay":false,"sceneViewState":{"showFog":true,"showMaterialUpdate":false,"showSkybox":true,"showFlares":true,"showImageEffects":true,"showParticleSystems":true},"in2DMode":false,"pivot":{"x":1.5544676780700684,"y":4.426421165466309,"z":-0.5753458738327026},"rotation":{"x":-0.002994613954797387,"y":0.059963714331388476,"z":0.00017990027845371515,"w":0.9981960654258728},"size":21.502208709716798,"orthographic":true}