{"cameraMode":{"drawMode":0,"name":"Shaded","section":"Shading Mode"},"sceneLighting":false,"audioPlay":false,"sceneViewState":{"showFog":true,"showMaterialUpdate":false,"showSkybox":true,"showFlares":true,"showImageEffects":true,"showParticleSystems":true},"in2DMode":false,"pivot":{"x":-10.831953048706055,"y":-0.0445246696472168,"z":22.808565139770509},"rotation":{"x":0.03886004164814949,"y":-0.6182665824890137,"z":0.030629171058535577,"w":0.7844094634056091},"size":47.94129943847656,"orthographic":false}