{"cameraMode":{"drawMode":0,"name":"Shaded","section":"Shading Mode"},"sceneLighting":false,"audioPlay":false,"sceneViewState":{"showFog":true,"showMaterialUpdate":false,"showSkybox":true,"showFlares":true,"showImageEffects":true,"showParticleSystems":true},"in2DMode":false,"pivot":{"x":-0.13541555404663087,"y":2.1273508071899416,"z":2.1377925872802736},"rotation":{"x":0.19530107080936433,"y":-0.28368592262268069,"z":0.059132169932127,"w":0.9369542002677918},"size":13.04759693145752,"orthographic":false}